{
    "measurements": [
        1.6436927318572998,
        1.6430339813232422,
        1.6369104385375977,
        1.6364171504974365,
        1.651904582977295,
        1.6497924327850342,
        1.9326119422912598,
        1.9333548545837402,
        1.9325129985809326,
        1.941725254058838,
        1.9299917221069336,
        1.9465601444244385,
        1.9274990558624268,
        1.9455757141113281,
        1.9249467849731445,
        1.92230224609375,
        1.9319567680358887,
        1.9218499660491943,
        1.917970895767212,
        1.9319307804107666,
        1.9769260883331299,
        1.9462878704071045,
        1.9282550811767578,
        1.9261960983276367,
        1.935851812362671,
        1.9424643516540527,
        1.9644653797149658,
        1.9337670803070068,
        1.9461109638214111,
        1.943051815032959,
        1.9471158981323242,
        1.940199851989746,
        1.9481892585754395,
        1.921973466873169,
        1.9280905723571777,
        1.929577112197876,
        1.9315276145935059,
        1.9325511455535889,
        1.9450926780700684,
        1.9253015518188477,
        1.9557545185089111,
        1.9722495079040527,
        1.9596891403198242,
        1.9400222301483154,
        1.962475061416626,
        1.9380707740783691,
        1.9515297412872314,
        1.9461619853973389,
        1.9604120254516602,
        1.9481520652770996
    ],
    "statistics": {
        "mean": 1.9046010637283326,
        "std": 0.09823862518284317,
        "median": 1.9335609674453735,
        "minimum": 1.6364171504974365,
        "sem": 0.013893039608246388
    },
    "input_size": 10000000
}