{
    "measurements": [
        3.4052999019622803,
        2.9157254695892334,
        3.136080265045166,
        3.653590679168701,
        3.4845283031463623,
        3.5569543838500977,
        3.895357131958008,
        3.874758243560791,
        3.6676063537597656,
        3.503391742706299,
        3.7000303268432617,
        3.7778525352478027,
        3.5666065216064453,
        3.4091429710388184,
        3.665213108062744,
        3.6124815940856934,
        3.702261447906494,
        3.541285753250122,
        3.9527618885040283,
        3.4953463077545166,
        3.5664401054382324,
        3.615586996078491,
        3.7608354091644287,
        3.665207624435425,
        3.884420156478882,
        3.362816333770752,
        3.61289119720459,
        3.3927626609802246,
        3.9934427738189697,
        3.918013095855713,
        3.3709001541137695,
        3.6655189990997314,
        3.6063082218170166,
        4.011081695556641,
        3.7030029296875,
        3.427377700805664,
        3.803577184677124,
        3.4348747730255127,
        3.4522244930267334,
        3.6588828563690186,
        3.9040143489837646,
        3.4604339599609375,
        3.514873743057251,
        3.479809284210205,
        4.108739852905273,
        3.945631742477417,
        3.3989391326904297,
        3.731438636779785,
        3.6167008876800537,
        3.569828510284424
    ],
    "statistics": {
        "mean": 3.623057007789612,
        "std": 0.2268251898895965,
        "median": 3.6142390966415405,
        "minimum": 2.9157254695892334,
        "sem": 0.032077925982971996
    },
    "input_size": 10000000,
    "cpu_info": "13th Gen Intel(R) Core(TM) i7-1355U"
}