{
    "measurements": [
        1.5503218173980713,
        1.5447838306427002,
        1.5286669731140137,
        1.5456442832946777,
        1.5248007774353027,
        1.5088715553283691,
        1.5266656875610352,
        1.760690450668335,
        1.7638139724731445,
        1.7518413066864014,
        1.7769582271575928,
        1.78303861618042,
        1.7652065753936768,
        1.8033404350280762,
        1.7687058448791504,
        1.7665915489196777,
        1.7886385917663574,
        1.7760355472564697,
        1.7673983573913574,
        1.7780022621154785,
        1.774402379989624,
        1.7913172245025635,
        1.7796297073364258,
        1.7705693244934082,
        1.7994778156280518,
        1.8411202430725098,
        1.7693359851837158,
        1.7921571731567383,
        1.764169692993164,
        1.7628633975982666,
        1.7837350368499756,
        1.742950677871704,
        1.770643949508667,
        1.7615532875061035,
        1.7741103172302246,
        1.762463092803955,
        1.8104124069213867,
        1.7891662120819092,
        1.8339509963989258,
        1.8166661262512207,
        1.828617811203003,
        1.7788257598876953,
        1.757763147354126,
        1.7465386390686035,
        1.8013346195220947,
        1.793853759765625,
        1.7726800441741943,
        1.7990756034851074,
        1.812056541442871,
        1.789461374282837
    ],
    "statistics": {
        "mean": 1.7470183801651,
        "std": 0.08991118958033129,
        "median": 1.7733951807022095,
        "minimum": 1.5088715553283691,
        "sem": 0.012715362371360301
    },
    "input_size": 10000000,
    "cpu_info": "13th Gen Intel(R) Core(TM) i7-1355U"
}